"","r","$\rho$","h","r","$\rho$","h","r","$\rho$","h","Avg"
"universal.sentence.encoder.4",0.66328116396003,0.662906671043261,0.663093864626426,0.678567998600348,0.605806516982468,0.640126241653593,0.663310474522157,0.684126361981512,0.673557631059819,0.658925912446613
"universal.sentence.encoder.4.1",0.66328116396003,0.662906671043261,0.663093864626426,0.678567998600348,0.605806516982468,0.640126241653593,0.663310474522157,0.684126361981512,0.673557631059819,0.658925912446613
