"","r","$\rho$","h","r","$\rho$","h","r","$\rho$","h","Avg"
"biobert_v1.0_pubmed.BIOSSES",0.568511562065882,0.567211719484535,0.567860896936122,-0.0309674752918852,-0.0368971548318878,-0.0336732618600713,0.616248631618557,0.641768236170224,0.628749593876761,0.387645742984271
"biobert_v1.0_pubmed.Blagec",0.568511562065882,0.567211719484535,0.567860896936122,-0.0309674752918852,-0.0368971548318878,-0.0336732618600713,0.616248631618557,0.641768236170224,0.628749593876761,0.387645742984271
"NCBI_BERT_pubmed_mimic_uncased_L.12_H.768_A.12.BIOSSES",0.547502658356357,0.542518385745837,0.544999126411724,-0.0308572072960477,-0.0359020184882508,-0.0331890016345591,0.601255446603007,0.629074337609506,0.614850386716416,0.375553503831194
"NCBI_BERT_pubmed_mimic_uncased_L.12_H.768_A.12.Blagec",0.547502658356357,0.542518385745837,0.544999126411724,-0.0308572072960477,-0.0359020184882508,-0.0331890016345591,0.601255446603007,0.629074337609506,0.614850386716416,0.375553503831194
"biobert_v1.0_pubmed.None",0.513274993272905,0.524433636323155,0.518794319481825,-0.0305646468375177,-0.0363507665500066,-0.0332075462327233,0.603489375681152,0.632803101700994,0.617798709870472,0.367795161039858
"NCBI_BERT_pubmed_mimic_uncased_L.12_H.768_A.12.None",0.479523280491792,0.48530021452111,0.482394452650474,-0.0304835547157961,-0.0357285800248572,-0.0328983238003569,0.581358177495957,0.604352521905783,0.592632386428672,0.347376171759596
"biobert_v1.0_pubmed.Default",0.556967726658163,0.531735007509128,0.544058959387921,-0.0309769881429916,-0.0370559157966487,-0.033744867491733,0.511224571643928,0.513613163615308,0.512416084080862,0.340910058659016
"NCBI_BERT_pubmed_mimic_uncased_L.12_H.768_A.12.Default",0.492716531977793,0.471275798579737,0.481757727153235,-0.03098622356494,-0.0367009836727228,-0.0336023580096365,0.511441977682336,0.531761767121114,0.521403975373032,0.32318644817221
