"","r","$\rho$","h","r","$\rho$","h","r","$\rho$","h","Avg"
"sent2vec.Biosses2017StopWords",0.780602185911513,0.748595370506359,0.764263819449657,0.76234769436118,0.634431604390989,0.692532415492435,0.763766773031034,0.792563017688867,0.777898491763702,0.744898242235265
"sent2vec.nltk2018StopWords",0.777722427083544,0.744739860969212,0.760873877486502,0.762396297396076,0.633920459562318,0.692247813836601,0.761666584931005,0.787304691879772,0.774273461285723,0.742465050869609
"sent2vec.NoneStopWords",0.801627613420803,0.77854183598942,0.789916086740427,0.736906516081816,0.612637156348163,0.669050319348179,0.749898977275014,0.785304308134256,0.767193378383823,0.74205326149081
