"","r","$\rho$","h","r","$\rho$","h","r","$\rho$","h","Avg"
"universal.sentence.encoder.4.NoneStopWords",0.664279610237466,0.668165827021276,0.66621705135007,0.662466540369108,0.590932020732336,0.624657955604902,0.663310474522157,0.684126361981512,0.673557631059819,0.654810879338264
"universal.sentence.encoder.4.Biosses2017StopWords",0.601039234727686,0.612532029246971,0.606731212304784,0.682346017876686,0.610771319834139,0.644577821004068,0.684335028494703,0.715021313134048,0.699341713245651,0.650216915518168
"universal.sentence.encoder.4.nltk2018StopWords",0.600496221103032,0.608592180438698,0.604517095822426,0.682536373435307,0.611398817484939,0.645012106536836,0.684195063374234,0.717669382104484,0.700532565690466,0.650020589349909
